dev_eui,building_uuid
24e124723f033362,12dffa2f-9137-4c80-be2a-ee57b3ab2160
24e124141f031182,12dffa2f-9137-4c80-be2a-ee57b3ab2160
24e124538e306438,12dffa2f-9137-4c80-be2a-ee57b3ab2160
24e124716e465734,12dffa2f-9137-4c80-be2a-ee57b3ab2160
24e124538e301928,12dffa2f-9137-4c80-be2a-ee57b3ab2160
24e124723e507618,12dffa2f-9137-4c80-be2a-ee57b3ab2160
24e124716e465731,12dffa2f-9137-4c80-be2a-ee57b3ab2160
24e124707e422823,12dffa2f-9137-4c80-be2a-ee57b3ab2160
24e124716e465635,12dffa2f-9137-4c80-be2a-ee57b3ab2160
24e124408f073898,12dffa2f-9137-4c80-be2a-ee57b3ab2160
24e124408f075500,12dffa2f-9137-4c80-be2a-ee57b3ab2160
24e124408f071440,12dffa2f-9137-4c80-be2a-ee57b3ab2160
24e124617e420961,12dffa2f-9137-4c80-be2a-ee57b3ab2160
24e124707e422815,12dffa2f-9137-4c80-be2a-ee57b3ab2160
24e124408f077342,12dffa2f-9137-4c80-be2a-ee57b3ab2160
24e124723e509811,12dffa2f-9137-4c80-be2a-ee57b3ab2160
24e124707e422756,12dffa2f-9137-4c80-be2a-ee57b3ab2160
24e124538e382063,12dffa2f-9137-4c80-be2a-ee57b3ab2160
24e124408f074022,12dffa2f-9137-4c80-be2a-ee57b3ab2160
24e124716e466628,12dffa2f-9137-4c80-be2a-ee57b3ab2160
24e124707e422818,12dffa2f-9137-4c80-be2a-ee57b3ab2160
24e124723e508277,12dffa2f-9137-4c80-be2a-ee57b3ab2160
24e124707e423259,12dffa2f-9137-4c80-be2a-ee57b3ab2160
24e124723f030489,12dffa2f-9137-4c80-be2a-ee57b3ab2160
24e124141f031251,12dffa2f-9137-4c80-be2a-ee57b3ab2160
24e124408f075369,12dffa2f-9137-4c80-be2a-ee57b3ab2160
24e124408f073797,12dffa2f-9137-4c80-be2a-ee57b3ab2160
24e124141f031083,12dffa2f-9137-4c80-be2a-ee57b3ab2160
24e124408f071540,12dffa2f-9137-4c80-be2a-ee57b3ab2160
24e124707e422645,12dffa2f-9137-4c80-be2a-ee57b3ab2160
24e124538e382231,12dffa2f-9137-4c80-be2a-ee57b3ab2160
24e124408f076455,12dffa2f-9137-4c80-be2a-ee57b3ab2160
24e124707e422547,12dffa2f-9137-4c80-be2a-ee57b3ab2160
24e124538e381768,12dffa2f-9137-4c80-be2a-ee57b3ab2160
24e124141f031137,12dffa2f-9137-4c80-be2a-ee57b3ab2160
24e124141f031400,12dffa2f-9137-4c80-be2a-ee57b3ab2160
24e124408f077327,12dffa2f-9137-4c80-be2a-ee57b3ab2160
24e124141f030949,12dffa2f-9137-4c80-be2a-ee57b3ab2160
24e124538e381972,12dffa2f-9137-4c80-be2a-ee57b3ab2160
24e124723f030578,12dffa2f-9137-4c80-be2a-ee57b3ab2160
24e124538e382336,12dffa2f-9137-4c80-be2a-ee57b3ab2160
24e124408f071545,12dffa2f-9137-4c80-be2a-ee57b3ab2160
24e124141f031147,12dffa2f-9137-4c80-be2a-ee57b3ab2160
24e124707e422527,12dffa2f-9137-4c80-be2a-ee57b3ab2160
24e124136f112040,12dffa2f-9137-4c80-be2a-ee57b3ab2160
24e124723e509836,12dffa2f-9137-4c80-be2a-ee57b3ab2160
24e124141f031316,12dffa2f-9137-4c80-be2a-ee57b3ab2160
24e124141f031324,12dffa2f-9137-4c80-be2a-ee57b3ab2160
24e124707e422550,12dffa2f-9137-4c80-be2a-ee57b3ab2160
24e124141f031335,12dffa2f-9137-4c80-be2a-ee57b3ab2160
24e124408f076519,12dffa2f-9137-4c80-be2a-ee57b3ab2160
24e124141f031258,12dffa2f-9137-4c80-be2a-ee57b3ab2160
24e124538e388085,12dffa2f-9137-4c80-be2a-ee57b3ab2160
24e124538e386197,12dffa2f-9137-4c80-be2a-ee57b3ab2160
24e124707e422662,12dffa2f-9137-4c80-be2a-ee57b3ab2160
24e124707e422470,12dffa2f-9137-4c80-be2a-ee57b3ab2160
24e124723e509840,12dffa2f-9137-4c80-be2a-ee57b3ab2160
24e124538e301044,12dffa2f-9137-4c80-be2a-ee57b3ab2160
24e124538e384532,12dffa2f-9137-4c80-be2a-ee57b3ab2160
24e124538e306278,12dffa2f-9137-4c80-be2a-ee57b3ab2160
24e124723e393002,12dffa2f-9137-4c80-be2a-ee57b3ab2160
24e124141f031014,12dffa2f-9137-4c80-be2a-ee57b3ab2160
24e124538e306939,12dffa2f-9137-4c80-be2a-ee57b3ab2160
24e124538e301891,12dffa2f-9137-4c80-be2a-ee57b3ab2160
24e124538e384570,12dffa2f-9137-4c80-be2a-ee57b3ab2160
24e124408f077417,12dffa2f-9137-4c80-be2a-ee57b3ab2160
24e124716e466627,12dffa2f-9137-4c80-be2a-ee57b3ab2160
24e124538e384915,12dffa2f-9137-4c80-be2a-ee57b3ab2160
24e124136f112070,12dffa2f-9137-4c80-be2a-ee57b3ab2160
24e124707e422288,12dffa2f-9137-4c80-be2a-ee57b3ab2160
24e124408f076424,12dffa2f-9137-4c80-be2a-ee57b3ab2160
24e124408f076256,12dffa2f-9137-4c80-be2a-ee57b3ab2160
24e124716e465782,12dffa2f-9137-4c80-be2a-ee57b3ab2160
24e124408f077277,12dffa2f-9137-4c80-be2a-ee57b3ab2160
24e124723e507663,12dffa2f-9137-4c80-be2a-ee57b3ab2160
24e124716e468661,12dffa2f-9137-4c80-be2a-ee57b3ab2160
24e124723e508354,12dffa2f-9137-4c80-be2a-ee57b3ab2160
24e124538e381934,12dffa2f-9137-4c80-be2a-ee57b3ab2160
24e124707e422686,12dffa2f-9137-4c80-be2a-ee57b3ab2160
24e124707e422809,12dffa2f-9137-4c80-be2a-ee57b3ab2160
24e124723e508375,12dffa2f-9137-4c80-be2a-ee57b3ab2160
24e124723e508499,12dffa2f-9137-4c80-be2a-ee57b3ab2160
24e124723e508356,12dffa2f-9137-4c80-be2a-ee57b3ab2160
24e124538e301506,12dffa2f-9137-4c80-be2a-ee57b3ab2160
24e124707e422712,12dffa2f-9137-4c80-be2a-ee57b3ab2160
24e124723e393053,12dffa2f-9137-4c80-be2a-ee57b3ab2160
24e124408f074006,12dffa2f-9137-4c80-be2a-ee57b3ab2160
24e124723e508292,12dffa2f-9137-4c80-be2a-ee57b3ab2160
24e124785f153567,d9772a92-5ac4-4ec6-b5be-ab13f6a2f2dc
24e124716e465754,d9772a92-5ac4-4ec6-b5be-ab13f6a2f2dc
24e124141f031425,d9772a92-5ac4-4ec6-b5be-ab13f6a2f2dc
24e124716e466751,d9772a92-5ac4-4ec6-b5be-ab13f6a2f2dc
24e124799e242702,d9772a92-5ac4-4ec6-b5be-ab13f6a2f2dc
24e124136f113191,d9772a92-5ac4-4ec6-b5be-ab13f6a2f2dc
24e124141f030589,d9772a92-5ac4-4ec6-b5be-ab13f6a2f2dc
24e124707e422476,d9772a92-5ac4-4ec6-b5be-ab13f6a2f2dc
24e124707e422687,d9772a92-5ac4-4ec6-b5be-ab13f6a2f2dc
24e124716e466687,d9772a92-5ac4-4ec6-b5be-ab13f6a2f2dc
24e124716e465601,d9772a92-5ac4-4ec6-b5be-ab13f6a2f2dc
24e124141f031653,d9772a92-5ac4-4ec6-b5be-ab13f6a2f2dc
24e124136f112060,d9772a92-5ac4-4ec6-b5be-ab13f6a2f2dc
24e124707e423275,d9772a92-5ac4-4ec6-b5be-ab13f6a2f2dc
24e124716e468814,d9772a92-5ac4-4ec6-b5be-ab13f6a2f2dc
24e124141f031466,d9772a92-5ac4-4ec6-b5be-ab13f6a2f2dc
24e124716e467689,d9772a92-5ac4-4ec6-b5be-ab13f6a2f2dc
24e124716e465673,d9772a92-5ac4-4ec6-b5be-ab13f6a2f2dc
24e124141f031472,d9772a92-5ac4-4ec6-b5be-ab13f6a2f2dc
24e124141f031093,d9772a92-5ac4-4ec6-b5be-ab13f6a2f2dc
24e124716e465762,d9772a92-5ac4-4ec6-b5be-ab13f6a2f2dc
24e124141f031369,d9772a92-5ac4-4ec6-b5be-ab13f6a2f2dc
24e124707e422726,d9772a92-5ac4-4ec6-b5be-ab13f6a2f2dc
24e124707e422749,d9772a92-5ac4-4ec6-b5be-ab13f6a2f2dc
24e124716f015359,d9772a92-5ac4-4ec6-b5be-ab13f6a2f2dc
24e124716e466741,d9772a92-5ac4-4ec6-b5be-ab13f6a2f2dc
24e124141f031827,d9772a92-5ac4-4ec6-b5be-ab13f6a2f2dc
24e124716e460019,d9772a92-5ac4-4ec6-b5be-ab13f6a2f2dc
24e124785f154320,d9772a92-5ac4-4ec6-b5be-ab13f6a2f2dc
24e124785f154657,d9772a92-5ac4-4ec6-b5be-ab13f6a2f2dc
24e124785f151395,d9772a92-5ac4-4ec6-b5be-ab13f6a2f2dc
24e124716e465766,d9772a92-5ac4-4ec6-b5be-ab13f6a2f2dc
24e124716e466749,d9772a92-5ac4-4ec6-b5be-ab13f6a2f2dc
24e124141f031618,d9772a92-5ac4-4ec6-b5be-ab13f6a2f2dc
24e124707e422556,d9772a92-5ac4-4ec6-b5be-ab13f6a2f2dc
24e124707e423879,eaa1cd12-de6a-423f-b9bd-97e8e2f1be02
24e124136f112071,eaa1cd12-de6a-423f-b9bd-97e8e2f1be02
24e124538e381562,eaa1cd12-de6a-423f-b9bd-97e8e2f1be02
24e124538e384830,eaa1cd12-de6a-423f-b9bd-97e8e2f1be02
24e124723e508398,eaa1cd12-de6a-423f-b9bd-97e8e2f1be02
24e124723e508334,eaa1cd12-de6a-423f-b9bd-97e8e2f1be02
24e124408f071582,eaa1cd12-de6a-423f-b9bd-97e8e2f1be02
24e124408f076360,eaa1cd12-de6a-423f-b9bd-97e8e2f1be02
24e124707e357100,eaa1cd12-de6a-423f-b9bd-97e8e2f1be02
24e124707e021374,eaa1cd12-de6a-423f-b9bd-97e8e2f1be02
24e124408f073990,eaa1cd12-de6a-423f-b9bd-97e8e2f1be02
24e124538e302671,eaa1cd12-de6a-423f-b9bd-97e8e2f1be02
24e124707e357045,eaa1cd12-de6a-423f-b9bd-97e8e2f1be02
24e124723e507672,eaa1cd12-de6a-423f-b9bd-97e8e2f1be02
24e124707e422612,eaa1cd12-de6a-423f-b9bd-97e8e2f1be02
24e124408f079888,eaa1cd12-de6a-423f-b9bd-97e8e2f1be02
24e124617e420740,eaa1cd12-de6a-423f-b9bd-97e8e2f1be02
24e124723e507631,eaa1cd12-de6a-423f-b9bd-97e8e2f1be02
24e124707e425743,eaa1cd12-de6a-423f-b9bd-97e8e2f1be02
24e124538e381675,eaa1cd12-de6a-423f-b9bd-97e8e2f1be02
24e124538e305923,eaa1cd12-de6a-423f-b9bd-97e8e2f1be02
24e124408f071377,eaa1cd12-de6a-423f-b9bd-97e8e2f1be02
24e124707e423347,eaa1cd12-de6a-423f-b9bd-97e8e2f1be02
24e124538e384722,eaa1cd12-de6a-423f-b9bd-97e8e2f1be02
24e124538e381939,eaa1cd12-de6a-423f-b9bd-97e8e2f1be02
24e124707e357056,eaa1cd12-de6a-423f-b9bd-97e8e2f1be02
24e124538e388031,eaa1cd12-de6a-423f-b9bd-97e8e2f1be02
24e124723e508338,eaa1cd12-de6a-423f-b9bd-97e8e2f1be02
24e124707e424867,eaa1cd12-de6a-423f-b9bd-97e8e2f1be02
24e124141f031558,eaa1cd12-de6a-423f-b9bd-97e8e2f1be02
24e124538e382165,eaa1cd12-de6a-423f-b9bd-97e8e2f1be02
24e124707e425120,eaa1cd12-de6a-423f-b9bd-97e8e2f1be02
24e124723e507680,eaa1cd12-de6a-423f-b9bd-97e8e2f1be02
24e124141f034090,eaa1cd12-de6a-423f-b9bd-97e8e2f1be02
24e124707e420228,eaa1cd12-de6a-423f-b9bd-97e8e2f1be02
24e124716f015474,eaa1cd12-de6a-423f-b9bd-97e8e2f1be02
24e124538e306682,eaa1cd12-de6a-423f-b9bd-97e8e2f1be02
24e124723e509961,eaa1cd12-de6a-423f-b9bd-97e8e2f1be02
24e124408f071476,eaa1cd12-de6a-423f-b9bd-97e8e2f1be02
24e124538e385056,eaa1cd12-de6a-423f-b9bd-97e8e2f1be02
24e124141f031407,eaa1cd12-de6a-423f-b9bd-97e8e2f1be02
24e124136f112413,eaa1cd12-de6a-423f-b9bd-97e8e2f1be02
24e124723e507637,eaa1cd12-de6a-423f-b9bd-97e8e2f1be02
24e124408f077455,eaa1cd12-de6a-423f-b9bd-97e8e2f1be02
24e124408f076527,eaa1cd12-de6a-423f-b9bd-97e8e2f1be02
24e124723e509990,eaa1cd12-de6a-423f-b9bd-97e8e2f1be02
24e124408f076422,eaa1cd12-de6a-423f-b9bd-97e8e2f1be02
24e124723e508477,eaa1cd12-de6a-423f-b9bd-97e8e2f1be02
24e124141f031070,eaa1cd12-de6a-423f-b9bd-97e8e2f1be02
24e124723e509998,eaa1cd12-de6a-423f-b9bd-97e8e2f1be02
24e124408f077497,eaa1cd12-de6a-423f-b9bd-97e8e2f1be02
24e124723e508514,eaa1cd12-de6a-423f-b9bd-97e8e2f1be02
24e124408f077415,eaa1cd12-de6a-423f-b9bd-97e8e2f1be02
24e124141f030519,eaa1cd12-de6a-423f-b9bd-97e8e2f1be02
24e124617e420970,eaa1cd12-de6a-423f-b9bd-97e8e2f1be02
24e124707e021536,eaa1cd12-de6a-423f-b9bd-97e8e2f1be02
24e124538e381708,eaa1cd12-de6a-423f-b9bd-97e8e2f1be02
24e124538e385039,eaa1cd12-de6a-423f-b9bd-97e8e2f1be02
24e124408f077288,eaa1cd12-de6a-423f-b9bd-97e8e2f1be02
24e124716f015460,eaa1cd12-de6a-423f-b9bd-97e8e2f1be02
24e124141f031154,eaa1cd12-de6a-423f-b9bd-97e8e2f1be02
24e124141f031503,eaa1cd12-de6a-423f-b9bd-97e8e2f1be02
24e124408f071386,eaa1cd12-de6a-423f-b9bd-97e8e2f1be02
24e124141f036398,eaa1cd12-de6a-423f-b9bd-97e8e2f1be02
24e124716f015420,eaa1cd12-de6a-423f-b9bd-97e8e2f1be02
24e124707e357099,eaa1cd12-de6a-423f-b9bd-97e8e2f1be02
24e124408f076483,eaa1cd12-de6a-423f-b9bd-97e8e2f1be02
24e124141f031631,eaa1cd12-de6a-423f-b9bd-97e8e2f1be02
24e124723e508512,eaa1cd12-de6a-423f-b9bd-97e8e2f1be02
24e124136f112083,eaa1cd12-de6a-423f-b9bd-97e8e2f1be02
24e124141f031250,eaa1cd12-de6a-423f-b9bd-97e8e2f1be02
24e124723e507688,eaa1cd12-de6a-423f-b9bd-97e8e2f1be02
24e124538e301998,eaa1cd12-de6a-423f-b9bd-97e8e2f1be02
24e124723e508454,eaa1cd12-de6a-423f-b9bd-97e8e2f1be02
24e124723e509832,eaa1cd12-de6a-423f-b9bd-97e8e2f1be02
24e124707e021359,eaa1cd12-de6a-423f-b9bd-97e8e2f1be02
24e124408f074013,eaa1cd12-de6a-423f-b9bd-97e8e2f1be02
24e124723e509946,eaa1cd12-de6a-423f-b9bd-97e8e2f1be02
24e124408f071503,eaa1cd12-de6a-423f-b9bd-97e8e2f1be02
24e124408f076369,eaa1cd12-de6a-423f-b9bd-97e8e2f1be02
24e124723e509739,eaa1cd12-de6a-423f-b9bd-97e8e2f1be02
24e124538e384150,eaa1cd12-de6a-423f-b9bd-97e8e2f1be02
24e124723e509942,eaa1cd12-de6a-423f-b9bd-97e8e2f1be02
24e124408f071594,eaa1cd12-de6a-423f-b9bd-97e8e2f1be02
24e124538e301731,eaa1cd12-de6a-423f-b9bd-97e8e2f1be02
24e124538e381904,eaa1cd12-de6a-423f-b9bd-97e8e2f1be02
24e124707e021124,eaa1cd12-de6a-423f-b9bd-97e8e2f1be02
24e124408f077271,eaa1cd12-de6a-423f-b9bd-97e8e2f1be02
24e124723e509939,eaa1cd12-de6a-423f-b9bd-97e8e2f1be02
24e124716f015328,eaa1cd12-de6a-423f-b9bd-97e8e2f1be02
24e124716f015468,eaa1cd12-de6a-423f-b9bd-97e8e2f1be02
24e124538e384425,eaa1cd12-de6a-423f-b9bd-97e8e2f1be02
24e124707e422802,eaa1cd12-de6a-423f-b9bd-97e8e2f1be02
24e124408f073848,eaa1cd12-de6a-423f-b9bd-97e8e2f1be02
24e124141f036380,eaa1cd12-de6a-423f-b9bd-97e8e2f1be02
