06a166ee-c254-43fc-81f8-61abb24aff53,fa4338cc-3efc-400d-b704-e1b75a00ac44,9a75cec3aace04cb,2023-08-02 20:57:00+00:00,f49a5902-2206-4d43-9c41-5f3199fd9561
0ae02cd1-b03e-44d4-9f47-9e9994add7fd,7e3b1239-ad4f-465e-b893-5eefcc36c9c2,24e124707d116005,,20850aba-8090-44a3-8246-c0ee8872f8c5
0b0eeef2-eefe-48d7-8082-e026fed49f52,105b7109-c0d0-4f84-8b97-49b9dd342ca8,24e124128c146368,,afd5d323-0c6e-40d8-b3cf-996ead99280b
0de77a4f-e289-41e3-bf54-d99fd52d8939,105b7109-c0d0-4f84-8b97-49b9dd342ca8,24e124128c146545,,
0efc5b5b-1491-42bf-a189-4c5563824a8f,fa4338cc-3efc-400d-b704-e1b75a00ac44,b964f3e625ee29d2,2023-04-14 18:53:00+00:00,ae729447-50ba-4c58-8feb-5ab5d25c5464
11961c16-26f4-4073-af97-555e50e878bb,7e3b1239-ad4f-465e-b893-5eefcc36c9c2,24e124707d112413,,32386105-4cab-4966-9396-21b8d6040107
12e17eb8-3793-40e8-95f7-f10914d36500,7e3b1239-ad4f-465e-b893-5eefcc36c9c2,24e124707d114957,,e440c2ba-260b-4a3e-ace6-2938dcd562bf
13ba37ca-af45-4671-8618-4431948a930e,105b7109-c0d0-4f84-8b97-49b9dd342ca8,24e124128c148121,,351f3320-005a-4acd-bd34-fd9320223b54
19912c5c-c624-4a53-ab33-0a16559d46c1,610dc07b-bdb2-4a3d-97f4-b4fba488a1bd,24e124785c464969,,ed6c0ccc-ad4b-4aee-b058-0707a7cc3efe
1b8af894-0ed6-4e88-b3b1-04f57faf0207,7e3b1239-ad4f-465e-b893-5eefcc36c9c2,24e124707d116303,,cbda09df-5ec7-4439-82ea-4424807cf4fe
1bb321d6-9ae6-4031-8ad6-2af22b132e45,7e3b1239-ad4f-465e-b893-5eefcc36c9c2,24e124707d112380,,047035f2-b4de-4a1b-876f-3db244d1e050
1cce23a6-5e31-47d7-91ca-a0a09371748e,105b7109-c0d0-4f84-8b97-49b9dd342ca8,24e124128c147019,,
1dc21e43-9a64-4300-bd4c-6d8988c88240,7e3b1239-ad4f-465e-b893-5eefcc36c9c2,24e124707d113637,,a52a4b25-4c08-4571-9993-2ab19440beb2
1e85e31c-80af-4dfe-9044-bb0216d5c611,105b7109-c0d0-4f84-8b97-49b9dd342ca8,24e124128c146509,,250b82c5-841c-49bd-b028-b80e99147132
1ed8d4b2-71d8-4cf4-83a4-baa285aa120d,610dc07b-bdb2-4a3d-97f4-b4fba488a1bd,24e124785c460317,,482f81cb-1f7e-4030-8e99-c0610dc04a88
1fe8e018-68d2-4d57-8238-6bfb8b5b1f83,7e3b1239-ad4f-465e-b893-5eefcc36c9c2,24e124707d112270,,afb521d8-0783-4ca6-974f-563e400791c0
28366340-db08-41fb-8fd7-9a1cbccc038c,610dc07b-bdb2-4a3d-97f4-b4fba488a1bd,24e124785c460878,,9cda4d71-5f54-4d54-88a7-2fe3c4202e0b
3117530a-df91-4205-b262-c6b62fd63d65,7e3b1239-ad4f-465e-b893-5eefcc36c9c2,24e124707d113571,,e7bd456d-52ac-49e1-a745-126d30f4b68e
3496c799-1245-4d58-9a14-563be80f2299,fa4338cc-3efc-400d-b704-e1b75a00ac44,4126d4eabb149cc8,2023-08-02 20:58:00+00:00,146b3b8b-c3e8-4104-b072-2ba4642582af
35a4c623-bfee-42a0-ba5e-83b8c7007987,392e4d4d-d3be-40b0-bd14-29c0ad23d184,e6608451537f6222,,
3c8903df-b97f-4e7a-9e03-46b92e1e557c,7e3b1239-ad4f-465e-b893-5eefcc36c9c2,24e124707d112425,,b3c7a1ab-f5a5-47fa-af38-1b0cfd4ef767
40b899bd-a72e-417a-ba3b-c3caafd7e837,610dc07b-bdb2-4a3d-97f4-b4fba488a1bd,24e124785c461310,,
4a5d7aca-fc37-4cfc-bec2-6cdf4a8abb87,fa4338cc-3efc-400d-b704-e1b75a00ac44,e05fd2547cd7bbc4,2023-08-02 16:56:00+00:00,2d4cb35a-3ced-42a2-af7e-7b3e6ea1b2c8
5569e4d5-c5b9-4de6-a7fb-bc31b71de535,7e3b1239-ad4f-465e-b893-5eefcc36c9c2,24e124707d117706,,74b2f37e-c093-4b4b-9eba-964e77cb59ae
567853ca-5a0d-44a5-9da8-1c112149449e,392e4d4d-d3be-40b0-bd14-29c0ad23d184,ac1f09fffe06b728,,85788d92-066b-4d08-9fa4-8e0a09cd038d
568c54e9-b07d-4c5c-91db-dc7c1758d3f0,fa4338cc-3efc-400d-b704-e1b75a00ac44,5a7bcb77a72ec6b6,,
57c9625a-a410-4e33-b108-c5abaf3c24c2,fa4338cc-3efc-400d-b704-e1b75a00ac44,8bfbd7a4eaf0b58c,2023-07-23 03:37:00+00:00,564e6b09-bc2d-41e9-832d-2ca8d895cf93
5b0cd4d9-3f36-4568-b45c-d6eea6dff53e,7e3b1239-ad4f-465e-b893-5eefcc36c9c2,24e124707d113628,,71566770-10bf-4222-b7f5-ebcdf8a1144b
5bef111c-b4e0-4d42-bfbb-f2652b2c0081,105b7109-c0d0-4f84-8b97-49b9dd342ca8,24e124128c146488,,dbe942d9-82b5-4e67-9912-9780b294ff8f
5d123469-1a5b-412b-93d1-7d72aee8a5b7,7e3b1239-ad4f-465e-b893-5eefcc36c9c2,24e124707d112204,,4e8e8108-1027-4693-9dff-d889c188fee8
5db9c1db-4ff4-46f8-92b1-9d545ab75a44,fa4338cc-3efc-400d-b704-e1b75a00ac44,daf8d7fe5eb0b93b,,
5e440bb3-e8ff-4e69-887c-2f88af806e23,7e3b1239-ad4f-465e-b893-5eefcc36c9c2,24e124707d113569,,f40fae62-c930-4dfe-ba8e-b758502522fd
6879c8da-523d-41a0-a3c3-bcb9af142be1,fa4338cc-3efc-400d-b704-e1b75a00ac44,f7e2cfacf9df243d,2023-07-23 03:39:00+00:00,645ba8f3-76fd-4eb0-a4f9-34ff04c8507c
6fc1dc9e-2d72-45c5-bbaa-93ac5553a5fd,105b7109-c0d0-4f84-8b97-49b9dd342ca8,24e124128c069170,,8de5f723-118b-4f90-b4c7-11634a12e7bb
705f8755-f129-461e-9340-83c082a35f3c,7e3b1239-ad4f-465e-b893-5eefcc36c9c2,24e124707d114886,,8026fddf-fa01-432a-af48-dba09d1fc793
70ff9c63-5c10-443f-90ae-2be3e111e593,7e3b1239-ad4f-465e-b893-5eefcc36c9c2,24e124707d116205,,09dacc4a-928e-440c-b3e3-6d009dbeda1a
713592e9-45f4-4c3f-8008-287db82a68b7,610dc07b-bdb2-4a3d-97f4-b4fba488a1bd,24e124785c460046,,c77860bb-4b13-4113-ba95-77755dba2ad8
734c59a9-0f6a-40df-8ca4-82397f60dade,fa4338cc-3efc-400d-b704-e1b75a00ac44,bb25fac0b3c326e1,2023-04-21 03:56:00+00:00,1cbe64f4-f728-4cbd-a9e0-ab6c7ae58a00
73ed3833-af1d-4de9-8d92-d561552176e6,7e3b1239-ad4f-465e-b893-5eefcc36c9c2,24e124707d114965,,52d7ec61-9e79-45cb-9640-a7072d55f9ff
74f2a351-53e8-488d-a965-e7a407d433bb,610dc07b-bdb2-4a3d-97f4-b4fba488a1bd,24e124785c464934,,214719c2-e0a0-44aa-8ab0-b1a66ac8c6c9
75190fee-d1b2-461f-8684-5fdcca93f1af,fa4338cc-3efc-400d-b704-e1b75a00ac44,8b4ef86c2671da9d,2023-08-02 20:57:00+00:00,5d0283c3-28e0-4fe4-a576-61b643b9945e
769ee131-493d-4de2-9706-558d5ee0d500,105b7109-c0d0-4f84-8b97-49b9dd342ca8,24e124128c148084,,f84208aa-88fb-4cc8-8493-a2e885c1630b
7e904c29-0bb7-4a1f-85c1-165d003bd955,fa4338cc-3efc-400d-b704-e1b75a00ac44,8a92e6aca414bfaf,,
80dfcf87-0c2d-45b6-8451-c41945569902,610dc07b-bdb2-4a3d-97f4-b4fba488a1bd,24e124785c422612,,e0a4db95-55b2-428f-9654-60d9968f9652
901068fb-e257-434c-8189-b364e38126cf,7e3b1239-ad4f-465e-b893-5eefcc36c9c2,24e124707d117813,,28d4b8c7-4351-4281-85da-ec582dee87bf
91515021-7011-4781-a151-06ce2e45a6d7,392e4d4d-d3be-40b0-bd14-29c0ad23d184,ac1f09fffe06b71f,,3e4c52af-d8ec-438a-a143-edd5af18bf75
928b0a46-07bd-4f9d-ba91-e18bb99466d5,7e3b1239-ad4f-465e-b893-5eefcc36c9c2,24e124707d116361,,064eb0cb-de69-4a88-8388-43f2caeb258d
97703ba3-8b92-4e89-b33c-33628e19fc47,fa4338cc-3efc-400d-b704-e1b75a00ac44,d873f83ddc21ad68,2023-08-02 20:52:00+00:00,b4ea5040-d9bb-475e-a65b-5f6dfa2b7620
985e15ae-f0d6-4556-8592-0fa28b72053a,7e3b1239-ad4f-465e-b893-5eefcc36c9c2,24e124707d116150,,333c85cf-f8fa-4a23-bf11-edf42b4adaa9
98e4f764-b332-4c90-ad1e-4af47f622421,7e3b1239-ad4f-465e-b893-5eefcc36c9c2,24e124707d113908,,7719f2c6-8754-4bd9-bbd2-423ee8c3bdbb
9a3150ee-9d99-4f83-9c2c-2cc98a334e90,610dc07b-bdb2-4a3d-97f4-b4fba488a1bd,24e124785c468661,,658c9b21-4f5e-47b4-8cc0-3fa7babcfff4
9a915cb3-d18e-4294-9b11-090e99b200a5,7e3b1239-ad4f-465e-b893-5eefcc36c9c2,24e124707d112238,,4d839a7f-4971-4548-93ff-69abe399bc19
9d2e022e-2142-401a-8e2f-73aeb18877e9,7e3b1239-ad4f-465e-b893-5eefcc36c9c2,24e124707d112135,,1c052350-1f8c-4df4-aff7-41acc4758702
9d8cfc2e-374d-43b7-a8a7-d899d17b3bdd,105b7109-c0d0-4f84-8b97-49b9dd342ca8,24e124128c146468,,39a3fb9b-1358-4dc8-9b28-c47322bd11e9
a0000e18-f527-4ffa-8d81-a610b8158247,7e3b1239-ad4f-465e-b893-5eefcc36c9c2,24e124707d113562,,1d0fe9c7-6bb4-4b19-a2f7-1809634b3d7c
a04dfa7d-6e04-41d1-992f-20f477a6ff52,fa4338cc-3efc-400d-b704-e1b75a00ac44,c8fef2b57fb43a3e,2023-08-02 20:58:00+00:00,ab0fc4e3-842c-421a-b6df-ad339885ced4
a195bcc5-b1d2-40c4-b6b1-ecb3bb4bdda2,7e3b1239-ad4f-465e-b893-5eefcc36c9c2,24e124707d113675,,d0c14ed6-10d3-48a0-b49b-428fe9519eb3
a28ad646-1451-41f9-a1f4-a413ddd6cb78,7e3b1239-ad4f-465e-b893-5eefcc36c9c2,24e124707d112231,,174419ea-b221-4685-b039-b0ba896f112c
a6147150-0e7a-4a02-b611-7c0897616ac1,610dc07b-bdb2-4a3d-97f4-b4fba488a1bd,24e124785c468384,,90e736f5-e48e-4f76-8c12-5dfd77a3efdc
a704a8d1-a8b6-4001-b130-f223c5448412,7e3b1239-ad4f-465e-b893-5eefcc36c9c2,24e124707d113622,,a4c12c87-5acc-44a5-952b-f7db6bde6346
a8367b26-e948-4416-b98b-e356c3fcafe5,fa4338cc-3efc-400d-b704-e1b75a00ac44,d16eea610181fe59,,
ab0c50e1-9bca-4444-93a5-17d1ad737a57,7e3b1239-ad4f-465e-b893-5eefcc36c9c2,24e124707d112345,,283492f7-133e-41cb-b9a0-8ac60a06ce74
ac8ed5c3-9398-4637-a26f-67c8db7ed03d,105b7109-c0d0-4f84-8b97-49b9dd342ca8,24e124128c146694,,b8165755-8b94-4990-b6db-b45070c68779
b109b602-4bbc-406a-9709-bb55a0b8ccb6,105b7109-c0d0-4f84-8b97-49b9dd342ca8,24e124128c146688,,e9edfc8a-e8b1-4239-abe1-8e8364f065e3
b1e4c445-cab2-4816-97a1-f8b86d260f22,7e3b1239-ad4f-465e-b893-5eefcc36c9c2,24e124707d112332,,fff04ca8-610a-4abf-9c02-65da6bdd76c1
b705203f-3e81-4aba-a889-3b7a655de82a,610dc07b-bdb2-4a3d-97f4-b4fba488a1bd,24e124785c464923,,52ccdb72-78aa-483f-b29e-2035a1b452bc
b7b10902-af71-46ea-bf1e-f429b5f52c27,610dc07b-bdb2-4a3d-97f4-b4fba488a1bd,24e124785c464942,,845fe8dd-dd0a-4c5a-81af-2968fc0e7b12
bb0fe3cd-34cd-4cb1-bad1-b446e94f82ac,610dc07b-bdb2-4a3d-97f4-b4fba488a1bd,24e124785c464661,,7d85e412-6720-4bda-8fd0-72348db18884
bc10f4fd-65f5-4a29-859e-6236845a9ba3,7e3b1239-ad4f-465e-b893-5eefcc36c9c2,24e124707d113684,,6dd1ac33-1bd0-496c-acf5-ce4ee18f8605
c0ab9f33-cdfc-4be6-9b97-4eb5f2b91bd7,fa4338cc-3efc-400d-b704-e1b75a00ac44,ebdfe0c8ecf28dfb,2023-08-02 20:58:00+00:00,
c13b1e2b-2d71-44bd-b8fe-a08a09d051b9,105b7109-c0d0-4f84-8b97-49b9dd342ca8,24e124128c146343,,5ae29209-f146-4d16-9068-2ce40ed0ce80
c1ba50c0-2fd9-42f9-8210-8db6240d2fe5,fa4338cc-3efc-400d-b704-e1b75a00ac44,34c9f54a07a62840,2023-08-02 20:56:00+00:00,41d57c0e-344e-44f8-b50d-77a65d4e5040
c3d2d943-2b8e-4349-93ed-a698c108d111,610dc07b-bdb2-4a3d-97f4-b4fba488a1bd,24e124785c460210,,
c6778ef5-7ddc-4e21-a09e-0d8841966200,610dc07b-bdb2-4a3d-97f4-b4fba488a1bd,24e124785c464577,,76216103-fc6e-4e0c-bfdc-0e0c28c0f76b
c761cb20-c761-4059-84f5-98e6b5f0daba,610dc07b-bdb2-4a3d-97f4-b4fba488a1bd,24e124785c461339,,68cfef38-8dd4-4135-a0e9-baf3baa3370d
c83362da-a3b4-439c-819d-ce69c885785a,7e3b1239-ad4f-465e-b893-5eefcc36c9c2,24e124707d116256,,3f8fdbc9-8807-4e1b-b3ef-4efc9117060c
cfcde28a-98bb-4298-a495-126501fcfd69,610dc07b-bdb2-4a3d-97f4-b4fba488a1bd,24e124785c460301,,afe6ecfa-28db-409b-bb59-246118132bf2
d1f95cb7-1fce-452b-9db6-ea3f88f370a4,7e3b1239-ad4f-465e-b893-5eefcc36c9c2,24e124707d112147,,0357ebf0-4cbd-4bdc-8c42-d17b614b39bf
dc7782b0-8fa1-44c0-8aa2-2efef38058fc,610dc07b-bdb2-4a3d-97f4-b4fba488a1bd,24e124785c464737,,3bbbe67a-2843-4552-aa74-e87b694a691d
e43edd26-5190-4ce4-89a7-bea14b21a611,7e3b1239-ad4f-465e-b893-5eefcc36c9c2,24e124707d116072,,4c2b3f05-7bac-49d0-a9ca-03de47243e0d
e92f967d-3654-45b1-92fd-169a6ef47cbd,7e3b1239-ad4f-465e-b893-5eefcc36c9c2,24e124707d116197,,9ba0472e-f38f-4a59-8ae2-9df4c929db0c
eaf05655-df98-41a0-8340-6936ea63c247,610dc07b-bdb2-4a3d-97f4-b4fba488a1bd,24e124785c460911,,6a0e269d-d8de-4b9b-8765-a33cf00b1848
eb3a4c50-5602-4a1c-9f8a-7668102edab7,610dc07b-bdb2-4a3d-97f4-b4fba488a1bd,24e124785c460091,,d642ad1e-702e-4625-a429-f6b1ae4c4ce9
eb90f8e4-d863-4117-a5c9-7c802658d8c7,fa4338cc-3efc-400d-b704-e1b75a00ac44,ae7fc280807c3139,2023-04-21 03:54:00+00:00,1da8b106-e56d-4345-9251-6b39c97c2a14
ebec47ad-f22f-4eb4-bd1b-ac1468050cb4,610dc07b-bdb2-4a3d-97f4-b4fba488a1bd,24e124785c460571,,
ed04798f-1af2-47cb-86fa-cd15a02276a5,610dc07b-bdb2-4a3d-97f4-b4fba488a1bd,24e124785c460726,,464883eb-1807-42c3-9044-28744f8d61d5
ee2049f9-5cdf-4f1b-808b-812444b6b8cc,7e3b1239-ad4f-465e-b893-5eefcc36c9c2,24e124707c485233,,ec3d8612-58fc-4536-acca-6b9b663333f8
f0f1aafa-0851-4eaf-af22-30789bfbcdf1,fa4338cc-3efc-400d-b704-e1b75a00ac44,d1e8d6078d391a3f,2023-08-02 20:56:00+00:00,f11f050f-a32e-41bd-b17e-e00ad21c9e1d
f53357dc-8766-473e-a67a-02cb5765d22d,fa4338cc-3efc-400d-b704-e1b75a00ac44,9cb2e60698070673,2023-08-02 20:58:00+00:00,
f700ed8c-62bd-42a4-896a-5fca72d2212f,610dc07b-bdb2-4a3d-97f4-b4fba488a1bd,24e124785c464825,,
f9e2ce41-1d1d-497f-bbc3-15e176e1ec58,fa4338cc-3efc-400d-b704-e1b75a00ac44,2780edba388cc55a,2023-08-02 17:47:00+00:00,0e0432a5-4e00-47da-aa25-33c79fb4465d
fbb5a299-d65c-40c3-baa6-626ef7624aa9,03fab9b8-36df-4356-83bb-2f9e76f921a3,5017c9c347fbe130,,
